{
	"class_name" : "PinholeCameraParameters",
	"extrinsic" : 
	[
		0.98605106977971724,
		0.084971353701080221,
		0.14311937966774932,
		0.0,
		0.14144394569115842,
		0.025452174591443416,
		-0.98961901610462366,
		0.0,
		-0.087731966885463614,
		0.99605825926939273,
		0.013078460445913112,
		0.0,
		-0.091181924758175645,
		1.1510017596212889,
		1.5058974511336054,
		1.0
	],
	"intrinsic" : 
	{
		"height" : 1016,
		"intrinsic_matrix" : 
		[
			879.88181024498977,
			0.0,
			0.0,
			0.0,
			879.88181024498977,
			0.0,
			923.5,
			507.5,
			1.0
		],
		"width" : 1848
	},
	"version_major" : 1,
	"version_minor" : 0
}