{
	"class_name" : "PinholeCameraParameters",
	"extrinsic" : 
	[
		1.3051789873055644e-315,
		1.3314373906244767e-315,
		3.3156189668554484e-316,
		1.3906706971920917e-309,
		4.9406564584124654e-324,
		1.3906706971929612e-309,
		4.5560520445386388e-317,
		1.390670697183238e-309,
		1.3906650795857586e-309,
		1.3906652445520841e-309,
		1.2769823842206428e-315,
		1.3906706971838704e-309,
		1.3906652445520841e-309,
		1.3906706971882972e-309,
		1.3906605298895524e-309,
		0.0
	],
	"intrinsic" : 
	{
		"height" : -1,
		"intrinsic_matrix" : [ 1.0, 0.0, 0.0, 0.0, 1.0, 0.0, 0.0, 0.0, 1.0 ],
		"width" : -1
	},
	"version_major" : 1,
	"version_minor" : 0
}